"first_id","year","table.x","desc","desc_en"
"ACT",2017,"INDIVIDU","Détention d'actions cotées sur un compte-titres ordinaire (hors PEA)","Holding shares listed on an ordinary securities account (excluding PEA)"
"ACT_DECL",2017,"INDIVIDU","Détention d'actions cotées sur un compte-titres ordinaire (hors PEA), avant redressement","Holding shares listed on an ordinary securities account (excluding PEA), before adjustment"
"ACTIF",2017,"INDIVIDU","Individu actif","Active individual"
"ACTION",2017,"INDIVIDU","Détention d'actions (cotées ou non) ou de parts sociales de banque, hors PEA","Holding shares (listed or not) or bank shares, excluding PEA"
"ACTION_DECL",2017,"INDIVIDU","Détention d'actions (cotées ou non) ou de parts sociales de banque, hors PEA, avant redressement","Holding of shares (listed or not) or bank shares, excluding PEA, before adjustment"
"ACTIVANTE",2017,"INDIVIDU","Exercice d'une activité passée rémunérée","Exercise of a past paid activity"
"ACTN",2017,"INDIVIDU","Détention d'actions non cotées (hors parts sociales de banque)","Holding of unlisted shares (excluding bank shares)"
"ACTN_DECL",2017,"INDIVIDU","Détention d'actions non cotées (hors parts sociales de banque), avant redressement","Holding of unlisted shares (excluding bank shares), before adjustment"
"ACTNCT",2017,"INDIVIDU","Détention d'actions non cotées sur un compte-titres ordinaire","Holding unlisted shares in an ordinary securities account"
"ACTNCT_DECL",2017,"INDIVIDU","Détention d'actions non cotées sur un compte-titres ordinaire, avant redressement","Holding unlisted shares in an ordinary securities account, before adjustment"
"ACTNPROF",2017,"INDIVIDU","Détention d'actions non cotées ou de parts d'entreprise dont le dirigeant n'est pas membre du ménage (hors compte-titres ordinaire)","Holding unlisted shares or shares in a company whose manager is not a member of the household (excluding ordinary securities accounts)"
"ACTNPROF_DECL",2017,"INDIVIDU","Détention d'actions non cotées ou de parts d'entreprise dont le dirigeant n'est pas membre du ménage (hors compte-titres ordinaire), avant redressement","Holding unlisted shares or shares in a company whose manager is not a member of the household (excluding ordinary securities account), before adjustment"
"ACTOCCUP",2017,"INDIVIDU","Individu actif occupé","Busy active individual"
"ACTPEA",2017,"INDIVIDU","Détention d'actions cotées sur un compte-titres ordinaire ou sur un PEA","Holding shares listed on an ordinary securities account or on a PEA"
"ACTPEA_DECL",2017,"INDIVIDU","Détention d'actions cotées sur un compte-titres ordinaire ou sur un PEA, avant redressement","Holding shares listed on an ordinary securities account or on a PEA, before adjustment"
"ACTTOT",2017,"INDIVIDU","Détention d'actions (cotées ou non) ou de parts sociales de banque, y compris sur un PEA","Holding shares (listed or not) or bank shares, including on a PEA"
"ACTTOT_DECL",2017,"INDIVIDU","Détention d'actions (cotées ou non) ou de parts sociales de banque, y compris sur un PEA, avant redressement","Holding shares (listed or not) or bank shares, including on a PEA, before adjustment"
"AGE",2017,"INDIVIDU","Age exact au jour de l'enquête","Exact age on the day of the survey"
"AGEQ",2017,"INDIVIDU","Age quinquennal au moment de l'enquête","Five-year age at the time of the survey"
"AIDEREC_I",2017,"INDIVIDU","Existence d'aides reçues","Existence of aid received"
"ANAIS",2017,"INDIVIDU","Année de naissance","year of birth"
"ANARRIV",2017,"INDIVIDU","Année d'arrivée en France","Year of arrival in France"
"ANSORTIE_PANEL",2017,"INDIVIDU","Année de sortie théorique du panel","Theoretical year of panel release"
"ARRIVE",2017,"INDIVIDU","Raison d'arrivée dans le ménage du nouvel individu","Reason for arrival in the household of the new individual"
"ASDEC",2017,"INDIVIDU","Détention d'assurances-décès","Holding life insurance"
"ASDEC_DECL",2017,"INDIVIDU","Détention d'assurances-décès, avant redressement","Holding life insurance, before recovery"
"ASDECN",2017,"INDIVIDU","Détention d'assurances-décès non volontaires","Holding non-voluntary death insurance"
"ASDECN_DECL",2017,"INDIVIDU","Détention d'assurances-décès non volontaires, avant redressement","Holding non-voluntary death insurance, before adjustment"
"ASDECV",2017,"INDIVIDU","Détention d'assurances-décès volontaires","Holding voluntary death insurance"
"ASDECV_DECL",2017,"INDIVIDU","Détention d'assurances-décès volontaires, avant redressement","Holding voluntary death insurance, before recovery"
"ASSUR",2017,"INDIVIDU","Détention d'assurances-vie ou d'assurances-décès","Holding life insurance or death insurance"
"ASSUR_DECL",2017,"INDIVIDU","Détention d'assurances-vie ou d'assurances-décès, avant redressement","Holding life insurance or death insurance, before adjustment"
"AUTNATA",2017,"INDIVIDU","Code alphabétique de l'autre nationalité (*)","Alphabetical code of the other nationality (*)"
"AUTNATA_DECL",2017,"INDIVIDU","Code alphabétique de l'autre nationalité, avant redressement (*)","Alphabetical code of the other nationality, before adjustment (*)"
"AUTNATIO7",2017,"INDIVIDU","Autre nationalité, en cas de double nationalité","Other nationality, in case of dual nationality"
"AUTNATN",2017,"INDIVIDU","Code numérique de l'autre nationalité (*)","Numerical code of the other nationality (*)"
"AUTNATN_DECL",2017,"INDIVIDU","Code numérique de l'autre nationalité, avant redressement (*)","Numerical code of the other nationality, before adjustment (*)"
"AUTSAL",2017,"INDIVIDU","Exercice d'une activité secondaire","Carrying out a secondary activity"
"AVI",2017,"INDIVIDU","Détention d'assurances-vie","Holding life insurance"
"AVI_DECL",2017,"INDIVIDU","Détention d'assurances-vie, avant redressement","Holding of life insurance, before recovery"
"AVIEURO",2017,"INDIVIDU","Détention de contrats d'assurance-vie en euros","Holding life insurance contracts in euros"
"AVIEURO_DECL",2017,"INDIVIDU","Détention de contrats d'assurance-vie en euros, avant redressement","Holding life insurance contracts in euros, before adjustment"
"AVIMULT",2017,"INDIVIDU","Détention de contrats d'assurance-vie multisupports","Holding multi-support life insurance contracts"
"AVIMULT_DECL",2017,"INDIVIDU","Détention de contrats d'assurance-vie multisupports, avant redressement","Holding multi-support life insurance contracts, before recovery"
"AVIRENTE",2017,"INDIVIDU","Détention de contrats d'assurance-vie en phase de rente","Holding life insurance contracts in the annuity phase"
"AVIRENTE_DECL",2017,"INDIVIDU","Détention de contrats d'assurance-vie en phase de rente, avant redressement","Holding life insurance contracts in the annuity phase, before recovery"
"BON",2017,"INDIVIDU","Détention de bons d'épargne, de bons de caisse ou de bons du Trésor","Holding savings bonds, cash certificates or Treasury bills"
"BON_DECL",2017,"INDIVIDU","Détention de bons d'épargne, de bons de caisse ou de bons du Trésor, avant redressement","Holding savings bonds, cash certificates or Treasury bonds, before adjustment"
"CAPI",2017,"INDIVIDU","Détention de bons de capitalisation","Holding capitalization bonds"
"CAPI_DECL",2017,"INDIVIDU","Détention de bons de capitalisation, avant redressement","Holding capitalization bonds, before adjustment"
"CCA",2017,"INDIVIDU","Détention de comptes courants d'associés","Holding associate current accounts"
"CCA_DECL",2017,"INDIVIDU","Détention de comptes courants d'associés, avant redressement","Holding of partners' current accounts, before adjustment"
"CCQ",2017,"INDIVIDU","Détention de comptes-chèques","Holding checking accounts"
"CCQ_DECL",2017,"INDIVIDU","Détention de comptes-chèques, avant redressement","Holding of checking accounts, before adjustment"
"CEL",2017,"INDIVIDU","Détention d'un Compte épargne-logement - CEL - ou d'un Livret épargne-logement - LEL -","Holding a Home Savings Account - CEL - or a Home Savings Account - LEL -"
"CEL_DECL",2017,"INDIVIDU","Détention d'un Compte épargne-logement - CEL - ou d'un Livret épargne-logement - LEL -, avant redressement","Holding a Home Savings Account - CEL - or a Home Savings Account - LEL -, before adjustment"
"CLASSIF",2017,"INDIVIDU","Position professionnelle actuelle","Current professional position"
"CLASSIFANTE",2017,"INDIVIDU","Position professionnelle antérieure","Previous professional position"
"COMP",2017,"INDIVIDU","Détention de contrats de retraite complémentaire volontaire","Holding voluntary supplementary retirement contracts"
"COMP_DECL",2017,"INDIVIDU","Détention de contrats de retraite complémentaire volontaire, avant redressement","Holding voluntary supplementary retirement contracts, before adjustment"
"COUPLE",2017,"INDIVIDU","Vie en couple","Life as a couple"
"COUPLRP",2017,"INDIVIDU","Vie en couple au sens du recensement","Living as a couple as defined by the census"
"CS_ACT",2017,"INDIVIDU","Catégorie socioprofessionnelle actuelle","Current socio-professional category"
"CS_ANTE",2017,"INDIVIDU","Catégorie socioprofessionnelle antérieure","Previous socio-professional category"
"CS24",2017,"INDIVIDU","Catégorie socioprofessionnelle actuelle ou antérieure, code regroupé","Current or previous socio-professional category, grouped code"
"CS42",2017,"INDIVIDU","Catégorie socioprofessionnelle actuelle ou antérieure","Current or previous socio-professional category"
"CS42_DECL",2017,"INDIVIDU","Catégorie socioprofessionnelle actuelle ou antérieure, avant redressement","Current or previous socio-professional category, before adjustment"
"CTIT",2017,"INDIVIDU","Détention de comptes-titres ordinaires","Holding ordinary securities accounts"
"CTIT_DECL",2017,"INDIVIDU","Détention de comptes-titres ordinaires, avant redressement","Holding ordinary securities accounts, before adjustment"
"CYACT1",2017,"INDIVIDU","Situation professionnelle initiale","Initial professional situation"
"CYACT10",2017,"INDIVIDU","xxème situation professionnelle (xx = 2 à 16)","xxth professional situation (xx = 2 to 16)"
"CYACT11",2017,"INDIVIDU","xxème situation professionnelle (xx = 2 à 16)","xxth professional situation (xx = 2 to 16)"
"CYACT12",2017,"INDIVIDU","xxème situation professionnelle (xx = 2 à 16)","xxth professional situation (xx = 2 to 16)"
"CYACT13",2017,"INDIVIDU","xxème situation professionnelle (xx = 2 à 16)","xxth professional situation (xx = 2 to 16)"
"CYACT14",2017,"INDIVIDU","xxème situation professionnelle (xx = 2 à 16)","xxth professional situation (xx = 2 to 16)"
"CYACT15",2017,"INDIVIDU","xxème situation professionnelle (xx = 2 à 16)","xxth professional situation (xx = 2 to 16)"
"CYACT16",2017,"INDIVIDU","xxème situation professionnelle (xx = 2 à 16)","xxth professional situation (xx = 2 to 16)"
"CYACT2",2017,"INDIVIDU","xxème situation professionnelle (xx = 2 à 16)","xxth professional situation (xx = 2 to 16)"
"CYACT3",2017,"INDIVIDU","xxème situation professionnelle (xx = 2 à 16)","xxth professional situation (xx = 2 to 16)"
"CYACT4",2017,"INDIVIDU","xxème situation professionnelle (xx = 2 à 16)","xxth professional situation (xx = 2 to 16)"
"CYACT5",2017,"INDIVIDU","xxème situation professionnelle (xx = 2 à 16)","xxth professional situation (xx = 2 to 16)"
"CYACT6",2017,"INDIVIDU","xxème situation professionnelle (xx = 2 à 16)","xxth professional situation (xx = 2 to 16)"
"CYACT7",2017,"INDIVIDU","xxème situation professionnelle (xx = 2 à 16)","xxth professional situation (xx = 2 to 16)"
"CYACT8",2017,"INDIVIDU","xxème situation professionnelle (xx = 2 à 16)","xxth professional situation (xx = 2 to 16)"
"CYACT9",2017,"INDIVIDU","xxème situation professionnelle (xx = 2 à 16)","xxth professional situation (xx = 2 to 16)"
"CYACTDER",2017,"INDIVIDU","Dernière situation professionnelle","Latest professional situation"
"CYCAUS1",2017,"INDIVIDU","Cause de l'inactivité (situation professionnelle initiale)","Cause of inactivity (initial professional situation)"
"CYCAUS10",2017,"INDIVIDU","Cause de l'inactivité (xxème situation professionnelle, xx = 2 à 16)","Cause of inactivity (xxth professional situation, xx = 2 to 16)"
"CYCAUS11",2017,"INDIVIDU","Cause de l'inactivité (xxème situation professionnelle, xx = 2 à 16)","Cause of inactivity (xxth professional situation, xx = 2 to 16)"
"CYCAUS12",2017,"INDIVIDU","Cause de l'inactivité (xxème situation professionnelle, xx = 2 à 16)","Cause of inactivity (xxth professional situation, xx = 2 to 16)"
"CYCAUS13",2017,"INDIVIDU","Cause de l'inactivité (xxème situation professionnelle, xx = 2 à 16)","Cause of inactivity (xxth professional situation, xx = 2 to 16)"
"CYCAUS14",2017,"INDIVIDU","Cause de l'inactivité (xxème situation professionnelle, xx = 2 à 16)","Cause of inactivity (xxth professional situation, xx = 2 to 16)"
"CYCAUS15",2017,"INDIVIDU","Cause de l'inactivité (xxème situation professionnelle, xx = 2 à 16)","Cause of inactivity (xxth professional situation, xx = 2 to 16)"
"CYCAUS16",2017,"INDIVIDU","Cause de l'inactivité (xxème situation professionnelle, xx = 2 à 16)","Cause of inactivity (xxth professional situation, xx = 2 to 16)"
"CYCAUS2",2017,"INDIVIDU","Cause de l'inactivité (xxème situation professionnelle, xx = 2 à 16)","Cause of inactivity (xxth professional situation, xx = 2 to 16)"
"CYCAUS3",2017,"INDIVIDU","Cause de l'inactivité (xxème situation professionnelle, xx = 2 à 16)","Cause of inactivity (xxth professional situation, xx = 2 to 16)"
"CYCAUS4",2017,"INDIVIDU","Cause de l'inactivité (xxème situation professionnelle, xx = 2 à 16)","Cause of inactivity (xxth professional situation, xx = 2 to 16)"
"CYCAUS5",2017,"INDIVIDU","Cause de l'inactivité (xxème situation professionnelle, xx = 2 à 16)","Cause of inactivity (xxth professional situation, xx = 2 to 16)"
"CYCAUS6",2017,"INDIVIDU","Cause de l'inactivité (xxème situation professionnelle, xx = 2 à 16)","Cause of inactivity (xxth professional situation, xx = 2 to 16)"
"CYCAUS7",2017,"INDIVIDU","Cause de l'inactivité (xxème situation professionnelle, xx = 2 à 16)","Cause of inactivity (xxth professional situation, xx = 2 to 16)"
"CYCAUS8",2017,"INDIVIDU","Cause de l'inactivité (xxème situation professionnelle, xx = 2 à 16)","Cause of inactivity (xxth professional situation, xx = 2 to 16)"
"CYCAUS9",2017,"INDIVIDU","Cause de l'inactivité (xxème situation professionnelle, xx = 2 à 16)","Cause of inactivity (xxth professional situation, xx = 2 to 16)"
"CYCAUSDER",2017,"INDIVIDU","Cause de l'inactivité pour la dernière situation professionnelle","Cause of inactivity for last professional situation"
"CYDEB1",2017,"INDIVIDU","Année de début de la situation professionnelle initiale","Year of start of initial professional situation"
"CYDEB1_DECL",2017,"INDIVIDU","Année de début de la situation professionnelle initiale, avant redressement","Year of start of initial professional situation, before adjustment"
"CYDEB10",2017,"INDIVIDU","Année de début de la xxème situation professionnelle (xx = 2 à 16)","Year of start of twentieth professional status (xx = 2 to 16)"
"CYDEB11",2017,"INDIVIDU","Année de début de la xxème situation professionnelle (xx = 2 à 16)","Year of start of twentieth professional status (xx = 2 to 16)"
"CYDEB12",2017,"INDIVIDU","Année de début de la xxème situation professionnelle (xx = 2 à 16)","Year of start of twentieth professional status (xx = 2 to 16)"
"CYDEB13",2017,"INDIVIDU","Année de début de la xxème situation professionnelle (xx = 2 à 16)","Year of start of twentieth professional status (xx = 2 to 16)"
"CYDEB14",2017,"INDIVIDU","Année de début de la xxème situation professionnelle (xx = 2 à 16)","Year of start of twentieth professional status (xx = 2 to 16)"
"CYDEB15",2017,"INDIVIDU","Année de début de la xxème situation professionnelle (xx = 2 à 16)","Year of start of twentieth professional status (xx = 2 to 16)"
"CYDEB16",2017,"INDIVIDU","Année de début de la xxème situation professionnelle (xx = 2 à 16)","Year of start of twentieth professional status (xx = 2 to 16)"
"CYDEB2",2017,"INDIVIDU","Année de début de la xxème situation professionnelle (xx = 2 à 16)","Year of start of twentieth professional status (xx = 2 to 16)"
"CYDEB3",2017,"INDIVIDU","Année de début de la xxème situation professionnelle (xx = 2 à 16)","Year of start of twentieth professional status (xx = 2 to 16)"
"CYDEB4",2017,"INDIVIDU","Année de début de la xxème situation professionnelle (xx = 2 à 16)","Year of start of twentieth professional status (xx = 2 to 16)"
"CYDEB5",2017,"INDIVIDU","Année de début de la xxème situation professionnelle (xx = 2 à 16)","Year of start of twentieth professional status (xx = 2 to 16)"
"CYDEB6",2017,"INDIVIDU","Année de début de la xxème situation professionnelle (xx = 2 à 16)","Year of start of twentieth professional status (xx = 2 to 16)"
"CYDEB7",2017,"INDIVIDU","Année de début de la xxème situation professionnelle (xx = 2 à 16)","Year of start of twentieth professional status (xx = 2 to 16)"
"CYDEB8",2017,"INDIVIDU","Année de début de la xxème situation professionnelle (xx = 2 à 16)","Year of start of twentieth professional status (xx = 2 to 16)"
"CYDEB9",2017,"INDIVIDU","Année de début de la xxème situation professionnelle (xx = 2 à 16)","Year of start of twentieth professional status (xx = 2 to 16)"
"CYDEBDER",2017,"INDIVIDU","Année de début de la dernière situation professionnelle","Year of start of last professional situation"
"CYDER",2017,"INDIVIDU","Nombre d'années travaillées dans la dernière entreprise","Number of years worked in last company"
"CYTPTDER",2017,"INDIVIDU","Taux de temps partiel pour la dernière situation professionnelle","Part-time rate for last professional situation"
"CYTPTO1",2017,"INDIVIDU","Taux de temps partiel pour la situation professionnelle initiale","Part-time rate for initial professional situation"
"CYTPTO10",2017,"INDIVIDU","Taux de temps partiel pour la xxème situation professionnelle(xx = 2 à 16)","Part-time rate for the 20th professional situation (xx = 2 to 16)"
"CYTPTO11",2017,"INDIVIDU","Taux de temps partiel pour la xxème situation professionnelle(xx = 2 à 16)","Part-time rate for the 20th professional situation (xx = 2 to 16)"
"CYTPTO12",2017,"INDIVIDU","Taux de temps partiel pour la xxème situation professionnelle(xx = 2 à 16)","Part-time rate for the 20th professional situation (xx = 2 to 16)"
"CYTPTO13",2017,"INDIVIDU","Taux de temps partiel pour la xxème situation professionnelle(xx = 2 à 16)","Part-time rate for the 20th professional situation (xx = 2 to 16)"
"CYTPTO14",2017,"INDIVIDU","Taux de temps partiel pour la xxème situation professionnelle(xx = 2 à 16)","Part-time rate for the 20th professional situation (xx = 2 to 16)"
"CYTPTO15",2017,"INDIVIDU","Taux de temps partiel pour la xxème situation professionnelle(xx = 2 à 16)","Part-time rate for the 20th professional situation (xx = 2 to 16)"
"CYTPTO16",2017,"INDIVIDU","Taux de temps partiel pour la xxème situation professionnelle(xx = 2 à 16)","Part-time rate for the 20th professional situation (xx = 2 to 16)"
"CYTPTO2",2017,"INDIVIDU","Taux de temps partiel pour la xxème situation professionnelle(xx = 2 à 16)","Part-time rate for the 20th professional situation (xx = 2 to 16)"
"CYTPTO3",2017,"INDIVIDU","Taux de temps partiel pour la xxème situation professionnelle(xx = 2 à 16)","Part-time rate for the 20th professional situation (xx = 2 to 16)"
"CYTPTO4",2017,"INDIVIDU","Taux de temps partiel pour la xxème situation professionnelle(xx = 2 à 16)","Part-time rate for the 20th professional situation (xx = 2 to 16)"
"CYTPTO5",2017,"INDIVIDU","Taux de temps partiel pour la xxème situation professionnelle(xx = 2 à 16)","Part-time rate for the 20th professional situation (xx = 2 to 16)"
"CYTPTO6",2017,"INDIVIDU","Taux de temps partiel pour la xxème situation professionnelle(xx = 2 à 16)","Part-time rate for the 20th professional situation (xx = 2 to 16)"
"CYTPTO7",2017,"INDIVIDU","Taux de temps partiel pour la xxème situation professionnelle(xx = 2 à 16)","Part-time rate for the 20th professional situation (xx = 2 to 16)"
"CYTPTO8",2017,"INDIVIDU","Taux de temps partiel pour la xxème situation professionnelle(xx = 2 à 16)","Part-time rate for the 20th professional situation (xx = 2 to 16)"
"CYTPTO9",2017,"INDIVIDU","Taux de temps partiel pour la xxème situation professionnelle(xx = 2 à 16)","Part-time rate for the 20th professional situation (xx = 2 to 16)"
"DATEFORA",2017,"INDIVIDU","Année d'interruption des études","Year of interruption of studies"
"DATNIVA",2017,"INDIVIDU","Année où le plus haut niveau d'études a été atteint","Year in which highest level of education was achieved"
"DCGR",2017,"INDIVIDU","Détention d'assurances-décès liées à un contrat groupe","Holding life insurance linked to a group contract"
"DCGR_DECL",2017,"INDIVIDU","Détention d'assurances-décès liées à un contrat groupe, avant redressement","Holding life insurance linked to a group contract, before adjustment"
"DCPE",2017,"INDIVIDU","Détention d'assurances-décès à fonds perdus ou vie entière","Holding loss-of-funds or whole life insurance"
"DCPE_DECL",2017,"INDIVIDU","Détention d'assurances-décès à fonds perdus ou vie entière, avant redressement","Holding loss-of-funds death or whole life insurance, before adjustment"
"DCPR",2017,"INDIVIDU","Détention d'assurances-décès liées à un prêt","Holding life insurance linked to a loan"
"DCPR_DECL",2017,"INDIVIDU","Détention d'assurances-décès liées à un prêt, avant redressement","Holding life insurance linked to a loan, before adjustment"
"DIPDET",2017,"INDIVIDU","Diplôme détaillé le plus élevé","Highest Detailed Diploma"
"DURCHO",2017,"INDIVIDU","Nombre de mois passés au chômage au cours des 12 derniers mois","Number of months spent unemployed during the last 12 months"
"DUREE",2017,"INDIVIDU","Durée totale d'activité effective (en années)","Total duration of effective activity (in years)"
"EDUC",2017,"INDIVIDU","Détention de rentes éducation","Holding education annuities"
"EDUC_DECL",2017,"INDIVIDU","Détention de rentes éducation, avant redressement","Holding education pensions, before adjustment"
"EDUCSTAT",2017,"INDIVIDU","Etudes formelles en cours","Formal studies in progress"
"ENFRP",2017,"INDIVIDU","Enfant du ménage au sens du recensement","Child of the household as defined by the census"
"EPALO",2017,"INDIVIDU","Détention d'épargne-logement","Holding home savings"
"EPALO_DECL",2017,"INDIVIDU","Détention d'épargne-logement, avant redressement","Holding of home savings, before adjustment"
"EPSALA",2017,"INDIVIDU","Détention d'épargne salariale actuellement","Currently holding employee savings"
"EPSALA_DECL",2017,"INDIVIDU","Détention d'épargne salariale actuellement, avant redressement","Currently holding employee savings, before adjustment"
"ETAMATRI",2017,"INDIVIDU","Statut matrimonial légal","Legal marital status"
"ETAMATRI_DECL",2017,"INDIVIDU","Statut matrimonial légal, avant redressement","Legal marital status, before adjustment"
"FORTER",2017,"INDIVIDU","Situation par rapport à la formation initiale (terminée ou non)","Situation in relation to initial training (completed or not)"
"GESTSEP_I",2017,"INDIVIDU","Liste complète des produits détenus inconnue du répondant","Complete list of products held unknown to respondent"
"GPARMAT",2017,"INDIVIDU","Grands-parents maternels en vie","Living maternal grandparents"
"GPARPAT",2017,"INDIVIDU","Grands-parents paternels en vie","Living paternal grandparents"
"HERTABD_I",2017,"INDIVIDU","Perception d'une donation","Receipt of a donation"
"HERTABH_I",2017,"INDIVIDU","Perception d'un héritage","Perception of an inheritance"
"IDENT",2017,"INDIVIDU","Identifiant transversal anonymisé du ménage","Anonymized cross-sectional household identifier"
"IDENTIND17",2017,"INDIVIDU","Identifiant transversal anonymisé de l'individu","Anonymized cross-sectional identifier of the individual"
"IDENTINDL",2017,"INDIVIDU","Identifiant longitudinal anonymisé de l'individu","Anonymized longitudinal identifier of the individual"
"INDIV_PANEL",2017,"INDIVIDU","Individu panel","Individual panel"
"INDIV_REINTERRO",2017,"INDIVIDU","Individu en mode réinterrogation, qu'il soit individu panel ou non","Individual in re-interrogation mode, whether they are a panel individual or not"
"JAGEACT",2017,"INDIVIDU","Âge d'exercice de la première vraie activité","Age of first real activity"
"JAGEQUIT",2017,"INDIVIDU","Âge de départ du foyer parental","Age of leaving parental home"
"JEACTIF",2017,"INDIVIDU","Année où la personne a véritablement travaillé pour la première fois","Year the person actually worked for the first time"
"JEACTIF_DECL",2017,"INDIVIDU","Année où la personne a véritablement travaillé pour la première fois, avant redressement","Year when the person actually worked for the first time, before adjustment"
"JEAINE",2017,"INDIVIDU","Aîné de la famille","Elder of the family"
"JEAINEF",2017,"INDIVIDU","Nombre de soeurs ainées","Number of older sisters"
"JEAINEM",2017,"INDIVIDU","Nombre de frères ainés","Number of older brothers"
"JEARGT",2017,"INDIVIDU","Existence de gros problèmes d'argent dans la jeunesse de l'individu","Existence of major money problems in the individual's youth"
"JEFRSO",2017,"INDIVIDU","Nombre de frères et sœurs à l'âge de 14 ans","Number of siblings at age 14"
"JEFRSO_DECL",2017,"INDIVIDU","Nombre de frères et sœurs à l'âge de 14 ans, avant redressement","Number of brothers and sisters at age 14, before adjustment"
"JEGRAVE",2017,"INDIVIDU","Existence d'événements familiaux graves dans l'enfance de l'individu","Existence of serious family events in the individual's childhood"
"JEGRAVE_AUT",2017,"INDIVIDU","Autre événement familial grave dans l'enfance de l'individu","Other serious family event in the individual's childhood"
"JEGRAVE_DCAS",2017,"INDIVIDU","Décès prématuré d'un ascendant (père, mère) dans l'enfance de l'individu","Premature death of an ascendant (father, mother) during the individual's childhood"
"JEGRAVE_DCFR",2017,"INDIVIDU","Décès prématuré d'un frère ou d'une sœur dans l'enfance de l'individu","Premature death of a sibling during the individual's childhood"
"JEGRAVE_DISP",2017,"INDIVIDU","Graves disputes ou mésentente entre les parents pendant l'enfance de l'individu","Serious arguments or disagreements between parents during the individual's childhood"
"JEGRAVE_DIV",2017,"INDIVIDU","Séparation ou divorce des parents dans l'enfance de l'individu","Separation or divorce of parents during the individual's childhood"
"JEGRAVE_MALFS",2017,"INDIVIDU","Maladies, handicaps ou accidents graves d'un frère ou d'une soeur dans l'enfance' de l'individu","Illnesses, disabilities or serious accidents of a brother or sister during the individual's childhood"
"JEGRAVE_MALM",2017,"INDIVIDU","Maladie, handicap ou accident grave de la mère dans l'enfance de l'individu","Illness, disability or serious accident of the mother during the individual's childhood"
"JEGRAVE_MALP",2017,"INDIVIDU","Maladie, handicap ou accident grave du père dans l'enfance de l'individu","Illness, disability or serious accident of the father during the individual's childhood"
"JEMACT",2017,"INDIVIDU","Activité professionnelle de la mère dans l'enfance de l'individu","Professional activity of the mother during the childhood of the individual"
"JEMACT_DECL",2017,"INDIVIDU","Activité professionnelle de la mère dans l'enfance de l'individu, avant redressement","Professional activity of the mother during the individual's childhood, before adjustment"
"JEMNAIS",2017,"INDIVIDU","Année de naissance de la mère","Year of birth of mother"
"JEMNAIS_DECL",2017,"INDIVIDU","Année de naissance de la mère, avant redressement","Mother's year of birth, before adjustment"
"JEMPROF",2017,"INDIVIDU","Profession principale de la mère dans la jeunesse de l'individu","Primary occupation of mother in individual's youth"
"JEPNAIS",2017,"INDIVIDU","Année de naissance du père","Year of birth of father"
"JEPPROF",2017,"INDIVIDU","Profession principale du père dans la jeunesse de l'individu","Father's main occupation in the individual's youth"
"JEPRO_IMMO",2017,"INDIVIDU","Parents propriétaires d'autres biens immobiliers bâtis (hors outil de travail)","Parents who own other built real estate (excluding work tools)"
"JEPRO_RP",2017,"INDIVIDU","Parents propriétaires de leur résidence principale","Parents who own their main residence"
"JEPRO_TER",2017,"INDIVIDU","Parents propriétaires de terres ou terrains (hors outil de travail)","Parents who own land or land (excluding work tools)"
"JEPRO_TRAV",2017,"INDIVIDU","Parents propriétaires de leur outil de travail","Parents who own their work tools"
"JEQUIT",2017,"INDIVIDU","Année de départ du foyer parental","Year of leaving the parental home"
"JEQUIT_DECL",2017,"INDIVIDU","Année de départ du foyer parental, avant redressement","Year of leaving the parental home, before adjustment"
"LDD",2017,"INDIVIDU","Détention d'un Livret de Développement Durable et Solidaire (ancien LDD ou CODEVI) - LDDS -","Holding a Sustainable and Solidarity Development Booklet (former LDD or CODEVI) - LDDS -"
"LDD_DECL",2017,"INDIVIDU","Détention d'un Livret de Développement Durable et Solidaire (ancien LDD ou CODEVI) - LDDS, avant redressement","Holding a Sustainable and Solidarity Development Booklet (former LDD or CODEVI) - LDDS, before recovery"
"LEE",2017,"INDIVIDU","Détention de Livrets d'épargne entreprise - LEE -","Holding company savings accounts - LEE -"
"LEE_DECL",2017,"INDIVIDU","Détention de Livrets d'épargne entreprise - LEE, avant redressement","Holding of company savings accounts - LEE, before adjustment"
"LEP",2017,"INDIVIDU","Détention d'un Livret d'épargne populaire - LEP -","Holding a Popular Savings Account - LEP -"
"LEP_DECL",2017,"INDIVIDU","Détention d'un Livret d'épargne populaire - LEP, avant redressement","Holding a Popular Savings Account - LEP, before adjustment"
"LIENPREF",2017,"INDIVIDU","Lien avec la personne de référence","Link with reference person"
"LIENPRRP",2017,"INDIVIDU","Lien avec la personne de référence au sens du recensement","Link with the reference person within the meaning of the census"
"LIVABL",2017,"INDIVIDU","Détention d'un livret A ou Bleu","Holding an A or Blue booklet"
"LIVABL_DECL",2017,"INDIVIDU","Détention d'un livret A ou Bleu, avant redressement","Holding an A or Blue booklet, before adjustment"
"LIVDF",2017,"INDIVIDU","Détention de livrets défiscalisés","Holding tax-exempt passbooks"
"LIVDF_DECL",2017,"INDIVIDU","Détention de livrets défiscalisés, avant redressement","Holding tax-exempt savings accounts, before adjustment"
"LIVEP",2017,"INDIVIDU","Détention de livrets d'épargne","Holding savings accounts"
"LIVEP_DECL",2017,"INDIVIDU","Détention de livrets d'épargne, avant redressement","Holding savings accounts, before adjustment"
"LIVF",2017,"INDIVIDU","Détention de livrets soumis à l'impôt","Holding booklets subject to tax"
"LIVF_DECL",2017,"INDIVIDU","Détention de livrets soumis à l'impôt, avant redressement","Holding booklets subject to tax, before adjustment"
"LIVJEUN",2017,"INDIVIDU","Détention d'un livret jeune","Holding a youth record book"
"LIVJEUN_DECL",2017,"INDIVIDU","Détention d'un livret jeune, avant redressement","Holding a youth booklet, before recovery"
"MER1E",2017,"INDIVIDU","Situation de la mère","Mother's situation"
"MER2E",2017,"INDIVIDU","Numéro d’ordre de la mère dans le logement","Mother’s serial number in the accommodation"
"MNAIS",2017,"INDIVIDU","Mois de naissance","Month of birth"
"MPANCOUPLE",2017,"INDIVIDU","Personne du couple de référence présente lors de la dernière enquête dans le couple de référence","Person from the reference couple present during the last survey in the reference couple"
"MVTPERS",2017,"INDIVIDU","Mouvement des personnes","Movement of people"
"NAIS7",2017,"INDIVIDU","Lieu de naissance","Place of birth"
"NATIO7",2017,"INDIVIDU","Nationalité","Nationality"
"NATIO7_DECL",2017,"INDIVIDU","Nationalité, avant redressement","Nationality, before adjustment"
"NIVINT",2017,"INDIVIDU","Intitulé du plus haut niveau d'études atteint (*)","Title of highest level of studies achieved (*)"
"NOI",2017,"INDIVIDU","Numéro d'ordre de l'individu dans le ménage","Serial number of the individual in the household"
"NOUVEAUNE",2017,"INDIVIDU","Nouveau né depuis la dernière enquête","Newborn since the last survey"
"OBLI",2017,"INDIVIDU","Détention d'obligations sur un compte-titres ordinaire","Holding bonds in an ordinary securities account"
"OBLI_DECL",2017,"INDIVIDU","Détention d'obligations sur un compte-titres ordinaire, avant redressement","Holding bonds in an ordinary securities account, before adjustment"
"OPA",2017,"INDIVIDU","Orientation des productions agricoles","Orientation of agricultural production"
"PACS",2017,"INDIVIDU","Individu ayant conclu un Pacs","Individual having concluded a PACS"
"PANIER",2017,"INDIVIDU","Détention d'autres produits d'épargne","Holding other savings products"
"PANIER_DECL",2017,"INDIVIDU","Détention d'autres produits d'épargne, avant redressement","Holding other savings products, before adjustment"
"PARSOC",2017,"INDIVIDU","Détention de parts sociales de banque sur un compte-titres ordinaire","Holding bank shares in an ordinary securities account"
"PARSOC_DECL",2017,"INDIVIDU","Détention de parts sociales de banque sur un compte-titres ordinaire, avant redressement","Holding bank shares in an ordinary securities account, before adjustment"
"PATFINANC",2017,"INDIVIDU","Détention d'au moins un actif financier hors compte courant","Holding at least one financial asset other than current account"
"PATFINANC_DECL",2017,"INDIVIDU","Détention d'au moins un actif financier hors compte courant, avant redressement","Holding at least one financial asset outside the current account, before adjustment"
"PCS_ACT",2017,"INDIVIDU","Code PCS de la profession actuelle (*)","PCS code of current occupation (*)"
"PCS_ANT",2017,"INDIVIDU","Code PCS de la profession antérieure (*)","PCS code of previous profession (*)"
"PEA",2017,"INDIVIDU","Détention d'un Plan d'épargne en actions - PEA -","Holding a Stock Savings Plan - PEA -"
"PEA_DECL",2017,"INDIVIDU","Détention d'un Plan d'épargne en actions - PEA, avant redressement","Holding a Stock Savings Plan - PEA, before adjustment"
"PEAACT_I",2017,"INDIVIDU","Détention d'actions cotées sur un Plan d'épargne en actions - PEA -","Holding shares listed on a Stock Savings Plan - PEA -"
"PEAACT_I_DECL",2017,"INDIVIDU","Détention d'actions cotées sur un Plan d'épargne en actions - PEA, avant redressement","Holding shares listed on a Stock Savings Plan - PEA, before adjustment"
"PEASIC_I",2017,"INDIVIDU","Détention de Sicav ou FCP sur un Plan d'épargne en actions - PEA -","Holding a Sicav or FCP on a stock savings plan - PEA -"
"PEASIC_I_DECL",2017,"INDIVIDU","Détention de Sicav ou FCP sur un Plan d'épargne en actions - PEA, avant redressement","Holding a Sicav or FCP in a Stock Savings Plan - PEA, before adjustment"
"PEATRE_I",2017,"INDIVIDU","Détention de trésorerie sur un Plan d'épargne en actions - PEA -","Cash holding in a Stock Savings Plan - PEA -"
"PEATRE_I_DECL",2017,"INDIVIDU","Détention de trésorerie sur un Plan d'épargne en actions - PEA, avant redressement","Cash holding in a Stock Savings Plan - PEA, before adjustment"
"PEL",2017,"INDIVIDU","Détention d'un Plan épargne-logement - PEL -","Holding a Home Savings Plan - PEL -"
"PEL_DECL",2017,"INDIVIDU","Détention d'un Plan épargne-logement - PEL, avant redressement","Holding a Home Savings Plan - PEL, before adjustment"
"PEP",2017,"INDIVIDU","Détention d'un Plan d'épargne populaire - PEP -","Holding a Popular Savings Plan - PEP -"
"PEP_DECL",2017,"INDIVIDU","Détention d'un Plan d'épargne populaire - PEP, avant redressement","Holding a Popular Savings Plan - PEP, before adjustment"
"PEPASSUR",2017,"INDIVIDU","Détention d'un Plan d'épargne populaire - PEP - de type assurance","Holding a Popular Savings Plan - PEP - insurance type"
"PEPASSUR_DECL",2017,"INDIVIDU","Détention d'un Plan d'épargne populaire - PEP - de type assurance, avant redressement","Holding a Popular Savings Plan - PEP - insurance type, before recovery"
"PEPAVI",2017,"INDIVIDU","Détention d'un PEP, d'un PERP, de contrats d'épargne retraite, d'assurances-vie ou de bons de capitalisation","Holding a PEP, a PERP, retirement savings contracts, life insurance or capitalization bonds"
"PEPAVI_DECL",2017,"INDIVIDU","Détention d'un PEP, d'un PERP, de contrats d'épargne retraite, d'assurances-vie ou de bons de capitalisation, avant redressement","Holding a PEP, a PERP, retirement savings contracts, life insurance or capitalization bonds, before adjustment"
"PEPBANC",2017,"INDIVIDU","Détention d'un Plan d'épargne populaire - PEP - de type bancaire","Holding a popular savings plan - PEP - bank type"
"PEPBANC_DECL",2017,"INDIVIDU","Détention d'un Plan d'épargne populaire - PEP - de type bancaire, avant redressement","Holding a popular savings plan - PEP - bank type, before recovery"
"PER1E",2017,"INDIVIDU","Situation du père","Father's situation"
"PERD",2017,"INDIVIDU","Risque pour l'individu en emploi de perdre son travail dans les 12 prochains mois (en %)","Risk for the employed individual of losing their job in the next 12 months (in %)"
"PERP",2017,"INDIVIDU","Détention d'un Plan d'épargne retraite populaire - PERP -","Holding a Popular Retirement Savings Plan - PERP -"
"PERP_DECL",2017,"INDIVIDU","Détention d'un Plan d'épargne retraite populaire - PERP, avant redressement","Holding a Popular Retirement Savings Plan - PERP, before adjustment"
"POA",2017,"INDIVIDU","Détention de stock-options","Holding of stock options"
"POA_DECL",2017,"INDIVIDU","Détention de stock-options, avant redressement","Holding of stock options, before adjustment"
"POND_LONG_IND",2017,"INDIVIDU","Pondération longitudinale individuelle finale","Final individual longitudinal weighting"
"POND_TRANS",2017,"INDIVIDU","Pondération transversale finale du ménage","Final household cross-sectional weight"
"PRODEP",2017,"INDIVIDU","Année de début du parcours professionnel","Year of start of professional career"
"RANG_PANEL",2017,"INDIVIDU","Rang d'interrogation théorique du ménage","Theoretical household question rank"
"RECHEMPLOI",2017,"INDIVIDU","Recherche d'un (autre) emploi","Looking for (another) job"
"RETRAGE",2017,"INDIVIDU","Âge estimé de départ à la retraite","Estimated retirement age"
"RETRAIT",2017,"INDIVIDU","Détention d'épargne retraite (complémentaire volontaire ou surcomplémentaire)","Holding retirement savings (voluntary supplementary or supplementary)"
"RETRAIT_DECL",2017,"INDIVIDU","Détention d'épargne retraite (complémentaire volontaire ou surcomplémentaire), avant redressement","Holding retirement savings (voluntary supplementary or supplementary), before adjustment"
"RETRAIT2",2017,"INDIVIDU","Détention d'épargne retraite (complémentaire volontaire ou surcomplémentaire) ou d'un PERP","Holding retirement savings (voluntary supplementary or supplementary) or a PERP"
"RETRAIT2_DECL",2017,"INDIVIDU","Détention d'épargne retraite (complémentaire volontaire ou surcomplémentaire) ou d'un PERP, avant redressement","Holding retirement savings (voluntary supplementary or supplementary) or a PERP, before adjustment"
"S_ACQIMMOAUTRE",2017,"INDIVIDU","Autre personne acquéreur des biens immobiliers (hors résidence principale) vendus ou cédés suite à la séparation","Other person purchasing real estate (excluding main residence) sold or transferred following separation"
"S_ACQIMMOEXCJ",2017,"INDIVIDU","Ex-conjoint de l'individu panel acquéreur des biens immobiliers (hors résidence principale) vendus ou cédés suite à la séparation","Ex-spouse of the individual panel purchaser of real estate (excluding main residence) sold or transferred following separation"
"S_ACQPROFAUTRE",2017,"INDIVIDU","Autre personne acquéreur des biens professionnels vendus ou cédés suite à la séparation","Other person purchasing professional property sold or transferred following separation"
"S_AVEIMMO",2017,"INDIVIDU","Vente ou cession prochaine des biens immobiliers (hors résidence principale) non encore vendus ou cédés suite à la séparation","Upcoming sale or transfer of real estate (excluding main residence) not yet sold or transferred following separation"
"S_AVEPRO",2017,"INDIVIDU","Vente ou cession prochaine des biens professionnels non encore vendus ou cédés suite à la séparation","Upcoming sale or transfer of professional assets not yet sold or transferred following separation"
"S_AVERP",2017,"INDIVIDU","Vente ou cession prochaine de la résidence principale non encore vendue ou cédée suite à la séparation","Upcoming sale or transfer of the main residence not yet sold or transferred following separation"
"S_COMMU",2017,"INDIVIDU","Situation de la communauté si procédure de divorce entamée ou finie","Situation of the community if divorce proceedings started or finished"
"S_CONTRATM",2017,"INDIVIDU","Contrat de mariage du couple au moment de la séparation","Marriage contract of the couple at the time of separation"
"S_CONTRATP",2017,"INDIVIDU","Contrat de pacs du couple au moment de la séparation","Civil partnership contract of the couple at the time of separation"
"S_DDECO",2017,"INDIVIDU","Date de la séparation","Date of separation"
"S_DIVO",2017,"INDIVIDU","Type de divorce","Type of divorce"
"S_DSEPA",2017,"INDIVIDU","Date du divorce ou de la rupture de pacs","Date of divorce or breakdown of civil partnership"
"S_EVOCOUPLE",2017,"INDIVIDU","Évolution de la situation du couple de référence entre la dernière enquête et la séparation","Change in the situation of the reference couple between the last survey and separation"
"S_FINMT",2017,"INDIVIDU","Montant d'actifs financiers détenu au moment de la séparation par le ménage de l’individu panel","Amount of financial assets held at the time of separation by the household of the panel individual"
"S_FINMTR",2017,"INDIVIDU","Montants d'actifs financiers récupéré par l’individu panel suite à la séparation","Amounts of financial assets recovered by the individual panel following separation"
"S_HABIT",2017,"INDIVIDU","Identité de l'occupant de l'ancien domicile conjugal","Identity of the occupant of the former marital home"
"S_IMEMP",2017,"INDIVIDU","Conservation d'emprunts déjà existants pour les biens immobiliers (yc résidence principale) vendus ou cédés lors de la séparation","Conservation of already existing loans for real estate (including main residence) sold or transferred during separation"
"S_IMEMPMT",2017,"INDIVIDU","Montant total restant à rembourser sur les emprunts conservés pour les bien immobiliers (yc résidence principale)","Total amount remaining to be repaid on loans retained for real estate (including main residence)"
"S_IMMO",2017,"INDIVIDU","Détention par l’individu panel d'autres biens immobiliers que la résidence principale au moment de la séparation","Ownership by the panel individual of real estate other than the main residence at the time of separation"
"S_IMMOCED",2017,"INDIVIDU","Cession des biens immobiliers (hors résidence principale) suite à la séparation","Transfer of real estate (excluding main residence) following separation"
"S_IMMOCONS",2017,"INDIVIDU","Conservation des biens immobiliers (hors résidence principale) suite à la séparation","Conservation of real estate (except main residence) following separation"
"S_IMMOMT",2017,"INDIVIDU","Montant de la vente des biens immobiliers (hors résidence principale)","Amount of sale of real estate (excluding main residence)"
"S_IMMOMTR",2017,"INDIVIDU","Montant récupéré par l'individu panel suite à la vente des biens immobiliers (hors résidence","Amount recovered by the individual panel following the sale of real estate (excluding residence"
"S_IMMOVEND",2017,"INDIVIDU","Vente des biens immobiliers (hors résidence principale) suite à la séparation","Sale of real estate (excluding main residence) following separation"
"S_IMNOUVEMP",2017,"INDIVIDU","Souscription d'un ou plusieurs emprunts pour le rachat de biens immobiliers y compris c eux souscrits pour l’achat d’une partie de la résidence principale","Subscription to one or more loans for the repurchase of real estate, including those taken out for the purchase of part of the main residence"
"S_IMNOUVMT",2017,"INDIVIDU","Montant total restant à rembourser sur les emprunts ayant servi au rachat de biens immobiliers, y compris ceux souscrits pour l’achat d’une partie de la résidence principale","Total amount remaining to be repaid on loans used to repurchase real estate, including those taken out for the purchase of part of the main residence"
"S_NETAMV",2017,"INDIVIDU","Situation matrimoniale du couple au moment de la séparation","Marital status of the couple at the time of separation"
"S_PART",2017,"INDIVIDU","Réponses aux questions portant sur la répartition du patrimoine lors de la séparation","Answers to questions relating to the distribution of assets upon separation"
"S_PENSALI",2017,"INDIVIDU","Pension alimentaire fixée pour les enfants suite au divorce ou à la séparation","Child support fixed for children following divorce or separation"
"S_PRESTCO",2017,"INDIVIDU","Prestation compensatoire versée ou reçue suite au divorce","Compensatory benefit paid or received following divorce"
"S_PRO",2017,"INDIVIDU","Détention par l’individu panel de biens professionnels au moment de la séparation","Ownership by the individual panel of professional assets at the time of separation"
"S_PROCONS",2017,"INDIVIDU","Conservation des biens professionnels suite à la séparation","Conservation of professional assets following separation"
"S_PROEMP",2017,"INDIVIDU","Conservation d'emprunts déjà existants pour les biens professionnels vendus ou cédés lors de la séparation","Conservation of existing loans for professional assets sold or transferred during separation"
"S_PROEMPMT",2017,"INDIVIDU","Montant total restant à rembourser sur les emprunts conservés pour les biens professionnels","Total amount remaining to be repaid on loans retained for professional property"
"S_PROMT",2017,"INDIVIDU","Montant de la vente des biens professionnels","Amount of sale of professional goods"
"S_PROMTR",2017,"INDIVIDU","Montant récupéré par l'individu panel suite à la vente des biens professionnels","Amount recovered by the individual panel following the sale of professional assets"
"S_PROVEND",2017,"INDIVIDU","Vente des biens professionnels suite à la séparation","Sale of professional assets following separation"
"S_RESTMT",2017,"INDIVIDU","Montant de patrimoine résiduel possédé par le ménage de l'individu au moment de la séparation","Amount of residual assets owned by the individual's household at the time of separation"
"S_RESTMTR",2017,"INDIVIDU","Montant de patrimoine résiduel récupéré par l'individu panel à la suite de la séparation","Amount of residual assets recovered by the panel individual following separation"
"S_RP",2017,"INDIVIDU","Statut d'occupation de l'individu panel pour sa résidence principale au moment de la séparation","Occupation status of the panel individual for their main residence at the time of separation"
"S_RPMT",2017,"INDIVIDU","Montant de la vente de la résidence principale suite à la séparation","Amount of the sale of the main residence following separation"
"S_RPMTR",2017,"INDIVIDU","Montant récupéré par l'individu panel suite à la vente de la résidence principale","Amount recovered by the individual panel following the sale of the main residence"
"S_RPVENT",2017,"INDIVIDU","Devenir de la résidence principale suite à la séparation","What happens to the main residence following separation"
"S_RPVQI_AUT",2017,"INDIVIDU","Autre acquéreur de la résidence principale vendue ou cédée suite à la séparation","Other buyer of the main residence sold or transferred following separation"
"S_RPVQI_EXCJ",2017,"INDIVIDU","Ex-conjoint de l’individu panel acquéreur de la résidence principale vendue ou cédée suite à la séparation","Ex-spouse of the individual panel purchaser of the main residence sold or transferred following separation"
"S_RPVQI_PR",2017,"INDIVIDU","Individu panel acquéreur de la résidence principale vendue ou cédée suite à la séparation","Individual panel purchasing the main residence sold or transferred following separation"
"S_SEPA",2017,"INDIVIDU","Situation matrimoniale post-séparation de l’individu panel, pour les couples mariés et pacsés","Post-separation marital situation of the individual panel, for married and civil partnership couples"
"SALARIES",2017,"INDIVIDU","Nombre de salariés employés par l'individu ou par la personne aidée par l'individu","Number of employees employed by the individual or by the person assisted by the individual"
"SALCCB",2017,"INDIVIDU","Détention d'épargne salariale : argent placé sur un compte courant bloqué","Holding employee savings: money placed in a blocked current account"
"SALCCB_DECL",2017,"INDIVIDU","Détention d'épargne salariale : argent placé sur un compte courant bloqué, avant redressement","Holding employee savings: money placed in a blocked current account, before adjustment"
"SALSIC",2017,"INDIVIDU","Détention d'épargne salariale : Sicav ou FCPE détenus en dehors d'un PEE ou PEI ou PEG","Holding employee savings: Sicav or FCPE held outside a PEE or PEI or PEG"
"SALSIC_DECL",2017,"INDIVIDU","Détention d'épargne salariale : Sicav ou FCPE détenus en dehors d'un PEE ou PEI ou PEG, avant redressement","Holding employee savings: Sicav or FCPE held outside a PEE or PEI or PEG, before adjustment"
"SALSICPE",2017,"INDIVIDU","Détention d'épargne salariale : Sicav ou FCPE détenus dans le cadre d'un PEE ou PEI ou PEG","Holding employee savings: Sicav or FCPE held within the framework of a PEE or PEI or PEG"
"SALSICPE_DECL",2017,"INDIVIDU","Détention d'épargne salariale : Sicav ou FCPE détenus dans le cadre d'un PEE ou PEI ou PEG, avant redressement","Holding employee savings: Sicav or FCPE held within the framework of a PEE or PEI or PEG, before adjustment"
"SALTIT",2017,"INDIVIDU","Détention d'épargne salariale : titres de son entreprise détenus en dehors d'un PEE ou PEI ou PEG","Holding employee savings: company securities held outside a PEE or PEI or PEG"
"SALTIT_DECL",2017,"INDIVIDU","Détention d'épargne salariale : titres de son entreprise détenus en dehors d'un PEE ou PEI ou PEG, avant redressement","Holding employee savings: company securities held outside a PEE or PEI or PEG, before adjustment"
"SALTITPE",2017,"INDIVIDU","Détention d'épargne salariale : titres de son entreprise détenus dans le cadre d'un PEE ou PEI ou PEG","Holding employee savings: company securities held within the framework of a PEE or PEI or PEG"
"SALTITPE_DECL",2017,"INDIVIDU","Détention d'épargne salariale : titres de son entreprise détenus dans le cadre d'un PEE ou PEI ou PEG, avant redressement","Holding employee savings: company securities held within the framework of a PEE or PEI or PEG, before adjustment"
"SATISF",2017,"INDIVIDU","Satisfaction générale de la vie","General life satisfaction"
"SCPI",2017,"INDIVIDU","Détention de parts de SCPI sur un compte-titres ordinaire","Holding SCPI shares in an ordinary securities account"
"SCPI_DECL",2017,"INDIVIDU","Détention de parts de SCPI sur un compte-titres ordinaire, avant redressement","Holding SCPI shares in an ordinary securities account, before adjustment"
"SEXE",2017,"INDIVIDU","Sexe","Sex"
"SICAV",2017,"INDIVIDU","Détention de parts de Sicav ou FCP sur un compte-titres ordinaire (hors PEA)","Holding Sicav or FCP units in an ordinary securities account (excluding PEA)"
"SICAV_DECL",2017,"INDIVIDU","Détention de parts de Sicav ou FCP sur un compte-titres ordinaire (hors PEA), avant redressement","Holding of Sicav or FCP units in an ordinary securities account (excluding PEA), before adjustment"
"SICPEA",2017,"INDIVIDU","Détention de parts de Sicav ou FCP sur un compte-titres ordinaire ou sur un PEA","Holding Sicav or FCP units on an ordinary securities account or on a PEA"
"SICPEA_DECL",2017,"INDIVIDU","Détention de parts de Sicav ou FCP sur un compte-titres ordinaire ou sur un PEA, avant","Holding Sicav or FCP units on an ordinary securities account or on a PEA, before"
"SITUA",2017,"INDIVIDU","Situation principale vis-à-vis de l'emploi","Main employment situation"
"STATUT",2017,"INDIVIDU","Statut dans l'emploi actuel","Status in current employment"
"STATUTANTE",2017,"INDIVIDU","Statut dans le dernier emploi","Status in last job"
"SUPA",2017,"INDIVIDU","Superficie en ares de l'exploitation agricole de l'individu, ou que l'individu aide","Area in ares of the individual's agricultural holding, or that the individual helps"
"SUPH",2017,"INDIVIDU","Superficie en hectares SAU de l'exploitation agricole de l'individu, ou que l'individu aide","Area in hectares SAU of the agricultural operation of the individual, or that the individual helps"
"SUR",2017,"INDIVIDU","Détention de contrats de retraite surcomplémentaire","Holding supplementary pension contracts"
"SUR_DECL",2017,"INDIVIDU","Détention de contrats de retraite surcomplémentaire, avant redressement","Holding supplementary pension contracts, before adjustment"
"TERM",2017,"INDIVIDU","Détention de comptes à terme","Holding term accounts"
"TERM_DECL",2017,"INDIVIDU","Détention de comptes à terme, avant redressement","Holding term accounts, before adjustment"
"TITULAIREFP",2017,"INDIVIDU","Titulaire de la fonction publique","Civil service holder"
"TRAVAIL",2017,"INDIVIDU","Existence d'une activité productive rémunérée","Existence of a paid productive activity"
"TROUV",2017,"INDIVIDU","Probabilité selon l'individu au chômage de trouver un emploi dans les 12 prochains mois","Probability according to the unemployed individual of finding a job in the next 12 months"
"TYPEMPBIS",2017,"INDIVIDU","Type d'emploi pour la seconde profession","Type of employment for the second profession"
"TYPEMPLOI",2017,"INDIVIDU","Type d'emploi","Type of employment"
"VMOB",2017,"INDIVIDU","Détention de valeurs mobilières","Holding of securities"
"VMOB_DECL",2017,"INDIVIDU","Détention de valeurs mobilières, avant redressement","Holding of securities, before adjustment"
"ZCHOMAGE_I",2017,"INDIVIDU","Préretraites et revenus du chômage (source fiscale, annuel, 2014)","Early retirement and unemployment income (tax source, annual, 2014)"
"ZINVALIDITE_I",2017,"INDIVIDU","Pensions d'invalidité (source fiscale, annuel, 2014)","Disability pensions (tax source, annual, 2014)"
"ZPENALIR_I",2017,"INDIVIDU","Pensions alimentaires reçues (source fiscale, annuel, 2014)","Alimony received (tax source, annual, 2014)"
"ZRAG_I",2017,"INDIVIDU","Revenus agricoles (source fiscale, annuel, 2014)","Agricultural income (tax source, annual, 2014)"
"ZRENTES_I",2017,"INDIVIDU","Rentes viagères à titre onéreux (source fiscale, annuel, 2014)","Life annuities for consideration (tax source, annual, 2014)"
"ZRETRAITES_I",2017,"INDIVIDU","Retraites et pensions d'invalidité (source fiscale, annuel, 2014)","Retirements and disability pensions (tax source, annual, 2014)"
"ZRETRAITES_STRICTES_I",2017,"INDIVIDU","Retraites au sens strict (source fiscale, annuel, 2014)","Pensions in the strict sense (tax source, annual, 2014)"
"ZRIC_I",2017,"INDIVIDU","Revenus industriels et commerciaux professionnels (source fiscale, annuel, 2014)","Professional industrial and commercial income (tax source, annual, 2014)"
"ZRNC_I",2017,"INDIVIDU","Revenus non commerciaux professionnels (source fiscale, annuel, 2014)","Professional non-commercial income (tax source, annual, 2014)"
"ZSALAIRES_I",2017,"INDIVIDU","Traitements et salaires au sens strict (source fiscale, annuel, 2014)","Salaries and wages in the strict sense (tax source, annual, 2014)"
